_id,price,title
63d5976780b0e46ff4152e0a,44c per capsule,"
					Expressi Intenzo 
				"
63d5976780b0e46ff4152e0b,44c per capsule,"
					Expressi Calabrese 
				"
63d5976780b0e46ff4152e0c,44c per capsule,"
					Expressi Abruzzo 
				"
63d5976780b0e46ff4152e0d,44c per capsule,"
					Expressi Torino 
				"
63d5976780b0e46ff4152e0e,44c per capsule,"
					Expressi Milano 
				"
63d5976780b0e46ff4152e0f,44c per capsule,"
					Expressi Reggio 
				"
63d5976780b0e46ff4152e10,44c per capsule,"
					Expressi Renzo 
				"
63d5976780b0e46ff4152e11,44c per capsule,"
					Expressi Organic 
				"
63d5976780b0e46ff4152e12,44c per capsule,"
					Expressi Decaffi 
				"
63d5976780b0e46ff4152e13,44c per capsule,"
					Expressi Valletta 
				"
63d5976780b0e46ff4152e14,44c per capsule,"
					Expressi Tauro 
				"
63d5976780b0e46ff4152e15,44c per capsule,"
					Expressi Rich Hot Chocolate 
				"
63d5cd38d7b1dba9f63cbf1a,$1.99 per litre,"
					Inner Goodness Soy Milk 1L 
				"
63d5cd38d7b1dba9f63cbf1b,$2.69 per litre,"
					Inner Goodness Almond Milk 1L 
				"
63d5cd38d7b1dba9f63cbf1c,$2.39 per litre,"
					Farmdale Organic Full Cream Milk 1L 
				"
63d5cd38d7b1dba9f63cbf1d,$2.39 per litre,"
					Farmdale Organic Light Milk 1L  
				"
63d5cd38d7b1dba9f63cbf1e,$1.59 per litre,"
					Farmdale Full Cream Milk UHT 1L 
				"
63d5cd38d7b1dba9f63cbf1f,$1.59 per litre,"
					Farmdale Light Milk UHT 1L 
				"
63d5cd38d7b1dba9f63cbf20,$1.59 per litre,"
					Farmdale Skim Milk UHT 1L 
				"
63d5cd38d7b1dba9f63cbf21,$1.55 per litre,"
					Farmdale Full Cream Milk UHT 2L 
				"
63d5cd38d7b1dba9f63cbf22,$1.55 per litre,"
					Farmdale Skim Milk UHT 2L 
				"
63d5cd38d7b1dba9f63cbf23,$1.79 per litre,"
					Farmdale Lactose Free UHT Milk 1L 
				"
63d5cd38d7b1dba9f63cbf24,$1.79 per litre,"
					Farmdale Lactose Free Low Fat UHT Milk 1L 
				"
63d5cd38d7b1dba9f63cbf25,$2.69 per litre,"
					Farmdale Lactose Free Full Cream Milk 1L 
				"
63d5cd38d7b1dba9f63cbf26,$2.00 per litre,"
					CHAMP Iced Coffee Flavoured Milk 2L 
				"
63d5cd38d7b1dba9f63cbf27,$4.15 per Litre,"
					CHAMP Chocolate Flavoured Milk 600ml 
				"
63d5cd38d7b1dba9f63cbf28,$4.15 per Litre,"
					CHAMP Iced Coffee Flavoured Milk 600ml 
				"
63d5cd38d7b1dba9f63cbf29,80c per 100g,"
					Farmdale Full Cream Milk Powder 1kg 
				"
63d5cd38d7b1dba9f63cbf2a,$2.19 per litre,"
					Just Organic UHT Milk 1L 
				"
63d5cd38d7b1dba9f63cbf2b,$1.49 per litre,"
					UHT Soy Organic Milk 1L 
				"
63d5cd38d7b1dba9f63cbf2c,$1.15 per litre,"
					UHT Milk Soy 1L  
				"
63d5cd38d7b1dba9f63cbf2d,$1.15 per litre,"
					UHT Milk Soy Light 1L 
				"
63d5cd38d7b1dba9f63cbf2e,$1.89 per litre,"
					Milk UHT Almond Unsweetened 1L  
				"
63d5cd38d7b1dba9f63cbf2f,$1.89 per litre,"
					 Milk UHT Almond Original 1L  
				"
63d5cd38d7b1dba9f63cbf30,$2.29 per litre,"
					UHT Oat Milk 1L 
				"
63d5cd38d7b1dba9f63cbf31,68c per 100g,"
					Lodge Farms Large Free Range Eggs 12pk/600g 
				"
63d5cd38d7b1dba9f63cbf32,64c per 100g,"
					Lodge Farms Extra Large Free Range Eggs 12pk/700g 
				"
63d5cd38d7b1dba9f63cbf33,70c per 100g,"
					Sunnyvale Olive Spread Regular 500g 
				"
63d5cd38d7b1dba9f63cbf34,70c per 100g,"
					Sunnyvale Olive Spread Light 500g 
				"
63d5cd38d7b1dba9f63cbf35,54c per 100g,"
					Sunnyvale Original Spread 500g 
				"
63d5cd38d7b1dba9f63cbf36,80c per 100g,"
					Sunnyvale Cholesterol Spread 500g 
				"
63d5cd38d7b1dba9f63cbf37,33c per 100g,"
					Sunnyvale Table Spread 1kg 
				"
63d5cd38d7b1dba9f63cbf38,96c per 100g,"
					Beautifully Butterfully Dairy Spread 500g 
				"
63d5cd38d7b1dba9f63cbf39,$1.72 per 100g,"
					Just Organic Butter 250g 
				"
63d5cd38d7b1dba9f63cbf3a,$1.48 per 100g,"
					Beautifully Butterfully Salted Butter 250g 
				"
63d5cd38d7b1dba9f63cbf3b,$1.48 per 100g,"
					Beautifully Butterfully Unsalted Butter 250g 
				"
63d5cd38d7b1dba9f63cbf3c,$1.28 per 100g,"
					Beautifully Butterfully Salted Butter 500g 
				"
63d5cd38d7b1dba9f63cbf3d,$1.28 per 100g,"
					Beautifully Butterfully Unsalted Butter 500g 
				"
63d5cd38d7b1dba9f63cbf3e,50c per 100g,"
					Beautifully Butterfully Caterer’s Selection Buttery Spread 1kg 
				"
63d5cd38d7b1dba9f63cbf3f,$18.76 per kg,"
					Westacre Dairy Tasty Cheese Block 250g 
				"
63d5cd38d7b1dba9f63cbf40,$17.96 per kg,"
					Westacre Dairy Shredded Tasty Cheese 250g 
				"
63d5cd38d7b1dba9f63cbf41,$9.99 per kg,"
					 Westacre Dairy Shredded Tasty Cheese 700g  
				"
63d5cd38d7b1dba9f63cbf42,$21.96 per kg,"
					Westacre Dairy Shredded Parmesan Cheese 250g 
				"
63d5cd38d7b1dba9f63cbf43,$15.98 per kg,"
					Westacre Dairy Tasty Cheese Slices 500g  
				"
63d5cd38d7b1dba9f63cbf44,$11.98 per kg,"
					Westacre Dairy Tasty Cheese Block 500g  
				"
63d5cd38d7b1dba9f63cbf45,$8.79 per kg,"
					Westacre Dairy Tasty Cheese Block 1kg  
				"
63d5cd38d7b1dba9f63cbf46,$11.98 per kg,"
					Westacre Dairy Vintage Cheese Block 500g  
				"
63d5cd38d7b1dba9f63cbf47,$29.93 per kg,"
					Emporium Selection Ash Brie 150g 
				"
63d5cd38d7b1dba9f63cbf48,$22.45 per kg,"
					Emporium Selection Double Cream Camembert 200g 
				"
63d5cd38d7b1dba9f63cbf49,$22.45 per kg,"
					Emporium Selection Triple Cream Brie 200g 
				"
63d5cd38d7b1dba9f63cbf4a,$22.32 per kg,"
					Emporium Selection Camembert 125g 
				"
63d5cd38d7b1dba9f63cbf4b,$22.32 per kg,"
					Emporium Selection Brie 125g 
				"
63d5cd38d7b1dba9f63cbf4c,$22.17 per kg,"
					Emporium Selection Persian Fetta 180g 
				"
63d5cd38d7b1dba9f63cbf4d,$14.95 per kg,"
					Emporium Selection Danish Style Fetta Cheese 200g  
				"
63d5cd38d7b1dba9f63cbf4e,$14.95 per kg,"
					Emporium Selection Greek Style Fetta Cheese 200g 
				"
63d5cd38d7b1dba9f63cbf4f,$11.98 per kg,"
					Westacre Colby Cheese Block 500g 
				"
63d5cd38d7b1dba9f63cbf50,$7.98 per kg,"
					Cowbelle Original Cheese Slices 500g 
				"
63d5cd38d7b1dba9f63cbf51,$7.30 per kg,"
					Westacre Dairy Wrapped Cheese Slices 432g 
				"
63d5cd38d7b1dba9f63cbf52,$17.96 per kg,"
					Westacre Dairy Vintage Cheese Slices 250g 
				"
63d5cd38d7b1dba9f63cbf53,$17.96 per kg,"
					Westacre Dairy Tasty Cheese Slices 250g 
				"
63d5cd38d7b1dba9f63cbf54,$8.98 per kg,"
					Manhattan Cottage Cheese 500g 
				"
63d5cd38d7b1dba9f63cbf55,$7.97 per kg,"
					Emporium Selection Smooth Ricotta 375g 
				"
63d5cd38d7b1dba9f63cbf56,$16.45 per kg,"
					Emporium Selection Apricot & Almond Cream Cheese 200g 
				"
63d5cd38d7b1dba9f63cbf57,$42.71 per kg,"
					Snackers Market Cheese, Salami & Crackers 70g  
				"
63d5cd38d7b1dba9f63cbf58,$49.75 per kg,"
					Snackers Market Cheese & Pretzels 40g  
				"
63d5cd38d7b1dba9f63cbf59,$56.86 per kg,"
					Snackers Market Cheese & Mini Crackers 35g  
				"
63d5cd38d7b1dba9f63cbf5a,$22.56 per kg,"
					Snackers Market Cheese Strips 8pk/168g 
				"
63d5cd38d7b1dba9f63cbf5b,$49.83 per kg,"
					Snackers Market Cheese, Ham & Crackers 60g 
				"
63d5cd38d7b1dba9f63cbf5c,$2.60 per 100g,"
					Snackers Market Dip & Crackers 65g   
				"
63d5cd38d7b1dba9f63cbf5d,70c per 100ml,"
					FARMDALE Thickened Cream 600ml 
				"
63d5cd38d7b1dba9f63cbf5e,86c per 100ml,"
					FARMDALE Light Thickened Cream 300ml 
				"
63d5cd38d7b1dba9f63cbf5f,$1.30 per 100ml,"
					FARMDALE Double Cream 300ml 
				"
63d5cd38d7b1dba9f63cbf60,$1.06 per 100ml,"
					FARMDALE Sour Cream 300g 
				"
63d5cd38d7b1dba9f63cbf61,$1.06 per 100g,"
					FARMDALE Light Sour Cream 300g 
				"
63d5cd38d7b1dba9f63cbf62,$1.88 per 100g,"
					Farmdale Whipped Cream 250g  
				"
63d5cd38d7b1dba9f63cbf63,55c per 100g,"
					Lyttos Greek Style Natural Yogurt 2kg 
				"
63d5cd38d7b1dba9f63cbf64,37c per 100g,"
					Brooklea Joi Mango Yogurt 1kg 
				"
63d5cd38d7b1dba9f63cbf65,37c per 100g,"
					Brooklea Family Lite Yogurt 1kg 
				"
63d5cd38d7b1dba9f63cbf66,50c per 100g,"
					Brooklea Organic Natural Yogurt 1kg 
				"
63d5cd38d7b1dba9f63cbf67,50c per 100g,"
					Brooklea Organic Vanilla Bean Yogurt 1kg 
				"
63d5cd38d7b1dba9f63cbf68,76c per 100g,"
					Premiere Fruit Swirl Blueberry Yogurt 720g 
				"
63d5cd38d7b1dba9f63cbf69,67c per 100g,"
					Brooklea Greek Style Yoghurt No Added Sugar 750g 
				"
63d5cd38d7b1dba9f63cbf6a,76c per 100g,"
					Premiére Mango Yogurt 4x115g 
				"
63d5cd38d7b1dba9f63cbf6b,44c per 100g,"
					Brooklea Joi Deluxe Yogurt Classics 6 x 150g 
				"
63d5cd38d7b1dba9f63cbf6c,99c per 100g,"
					Brooklea Yogurt Squishies 70g 
				"
63d5cd38d7b1dba9f63cbf6d,$4.61 per 100g,"
					Brooklea Yogurt Assorted Varieties 100g 
				"
63d5cd38d7b1dba9f63cbf6e,42c per 100g,"
					Chocolate Stampede Dairy Snack 12pk 
				"
63d5cd38d7b1dba9f63cbf6f,$1.28 per 100g,"
					Chocolate Stampede Dairy Snack 140g 
				"
63d5cd38d7b1dba9f63cbf70,$2.13 per 100g,"
					Vanilla Flavoured Custard Pouch 70g 
				"
63d5cd38d7b1dba9f63cbf71,$2.13 per 100g,"
					Chocolate Flavoured Custard Pouch 70g 
				"
63d5cd38d7b1dba9f63cbf72,83c per 100g,"
					Marvellicious Choc Mousse 12pk 
				"
63d5cd38d7b1dba9f63cbf73,$1.60 per 100g,"
					Food Envy Chocolate Mousse 2 x 62g 
				"
63d5cd38d7b1dba9f63cbf74,$1.60 per 100g,"
					Food Envy Chocolate Mousse with Salted Caramel 2 x 62g 
				"
63d5cd38d7b1dba9f63cbf75,83c per 100g,"
					Food Envy Crème Caramel 2 x 150g 
				"
63d5cd38d7b1dba9f63cbf76,30c per 100g,"
					Vanilla Flavoured Custard 1kg 
				"
63d5cd38d7b1dba9f63cbf77,83c per 100g,"
					Food Envy Sweet Crepes 8pk/480g 
				"
63d5cd38d7b1dba9f63cbf78,$1.60 per 100g,"
					Food Envy Mini Dutch Pancakes 250g 
				"
63d5cd38d7b1dba9f63cbf79,73c per 100g,"
					Food Envy Rice Pudding Vanilla Bean 2 x 170g 
				"
63d5cd38d7b1dba9f63cbf7a,$1.00 per 100g,"
					Food Envy Italian Family Desserts 500g 
				"
63d5cd38d7b1dba9f63cbf7b,25c per 100ml,"
					Farmdale Custard 1L 
				"
63d5cd39d7b1dba9f63cbf7c,$2.49 per kg,"
					Australian Cavendish Bananas per kg 
				"
63d5cd39d7b1dba9f63cbf7d,$19.98 per kg,"
					Ready, Set…Cook! Free Range Marinated Chicken Breast Kebabs 5pk/400g 
				"
63d5cd39d7b1dba9f63cbf7e,$26.99 per kg,"
					The Fishmonger Cooked Australian Fresh Black Tiger Prawns 1kg 
				"
63d5cd39d7b1dba9f63cbf7f,$14.26 per kg,"
					Bruemar Pork Meatballs 420g 
				"
63d5cd39d7b1dba9f63cbf80,$19.99 per kg,"
					Bertocchi Veneto Salami Knob per kg 
				"
63d5cd39d7b1dba9f63cbf81,$44.95 per kg,"
					The Fishmonger Smoked Salmon 200g 
				"
63d5cd39d7b1dba9f63cbf82,$21.99 per kg,"
					Killarnee Lamb Loin Chops per kg 
				"
63d5cd39d7b1dba9f63cbf83,$1.11 per 100g,"
					Earth Grown Chickpea, Spinach & Caramelised Onion Rolls 12pk/450g 
				"
63d5cd39d7b1dba9f63cbf84,$1.26 per 100ml,"
					Kenny’s Frozen Dessert 475ml 
				"
63d5cd39d7b1dba9f63cbf85,$7.49 per kg,"
					Market Fare Frozen Bakes 800g  
				"
63d5cd39d7b1dba9f63cbf86,$1.07 per 100g,"
					Urban Eats Pork Dumplings or Vegetable Gyoza 750g  
				"
63d5cd39d7b1dba9f63cbf87,$1.92 per 100g,"
					Urban Eats Dumplings Family Pack 20pk/625g 
				"
63d5cd39d7b1dba9f63cbf88,$22.45 per kg,"
					Emporium Selection Camembert 200g 
				"
63d5cd39d7b1dba9f63cbf89,$22.45 per kg,"
					Emporium Selection Brie 200g 
				"
63d5cd39d7b1dba9f63cbf8a,$1.99 per 100ml,"
					Ombra Sunscreen SPF50+ 100ml 
				"
63d5cd39d7b1dba9f63cbf8b,$1.66 per 100g,"
					World Kitchen Fresh Spring Rolls 240g 
				"
63d5cd39d7b1dba9f63cbf8c,$2.20 per 100g,"
					World Kitchen Pancake Kit 590g 
				"
63d5cd39d7b1dba9f63cbf8d,$1.25/$1.00 per 100g,"
					Arnott’s Cream Biscuits 200g/250g 
				"
63d5cd39d7b1dba9f63cbf8e,87c per 100g,"
					GoldenVale Toasted Muesli 400g 
				"
63d5cd39d7b1dba9f63cbf8f,$1.75 per 100g,"
					Hillcrest Gourmet Protein Bars 5pk/200g 
				"
63d5cd39d7b1dba9f63cbf90,$3.96 per litre,"
					Flying Power Guarana Energy Drink 250ml 
				"
63d5cd39d7b1dba9f63cbf91,$3.96 per litre,"
					Flying Power Tropic Energy Drink 250ml  
				"
63d5cd8d3098484e807e5c9e,$1.99 per litre,"
					Inner Goodness Soy Milk 1L 
				"
63d5cd8d3098484e807e5c9f,$2.69 per litre,"
					Inner Goodness Almond Milk 1L 
				"
63d5cd8d3098484e807e5ca0,$2.39 per litre,"
					Farmdale Organic Full Cream Milk 1L 
				"
63d5cd8d3098484e807e5ca1,$2.39 per litre,"
					Farmdale Organic Light Milk 1L  
				"
63d5cd8d3098484e807e5ca2,$1.59 per litre,"
					Farmdale Full Cream Milk UHT 1L 
				"
63d5cd8d3098484e807e5ca3,$1.59 per litre,"
					Farmdale Light Milk UHT 1L 
				"
63d5cd8d3098484e807e5ca4,$1.59 per litre,"
					Farmdale Skim Milk UHT 1L 
				"
63d5cd8d3098484e807e5ca5,$1.55 per litre,"
					Farmdale Full Cream Milk UHT 2L 
				"
63d5cd8d3098484e807e5ca6,$1.55 per litre,"
					Farmdale Skim Milk UHT 2L 
				"
63d5cd8d3098484e807e5ca7,$1.79 per litre,"
					Farmdale Lactose Free UHT Milk 1L 
				"
63d5cd8d3098484e807e5ca8,$1.79 per litre,"
					Farmdale Lactose Free Low Fat UHT Milk 1L 
				"
63d5cd8d3098484e807e5ca9,$2.69 per litre,"
					Farmdale Lactose Free Full Cream Milk 1L 
				"
63d5cd8d3098484e807e5caa,$2.00 per litre,"
					CHAMP Iced Coffee Flavoured Milk 2L 
				"
63d5cd8d3098484e807e5cab,$4.15 per Litre,"
					CHAMP Chocolate Flavoured Milk 600ml 
				"
63d5cd8d3098484e807e5cac,$4.15 per Litre,"
					CHAMP Iced Coffee Flavoured Milk 600ml 
				"
63d5cd8d3098484e807e5cad,80c per 100g,"
					Farmdale Full Cream Milk Powder 1kg 
				"
63d5cd8d3098484e807e5cae,$2.19 per litre,"
					Just Organic UHT Milk 1L 
				"
63d5cd8d3098484e807e5caf,$1.49 per litre,"
					UHT Soy Organic Milk 1L 
				"
63d5cd8d3098484e807e5cb0,$1.15 per litre,"
					UHT Milk Soy 1L  
				"
63d5cd8d3098484e807e5cb1,$1.15 per litre,"
					UHT Milk Soy Light 1L 
				"
63d5cd8d3098484e807e5cb2,$1.89 per litre,"
					Milk UHT Almond Unsweetened 1L  
				"
63d5cd8d3098484e807e5cb3,$1.89 per litre,"
					 Milk UHT Almond Original 1L  
				"
63d5cd8d3098484e807e5cb4,$2.29 per litre,"
					UHT Oat Milk 1L 
				"
63d5cd8d3098484e807e5cb5,68c per 100g,"
					Lodge Farms Large Free Range Eggs 12pk/600g 
				"
63d5cd8d3098484e807e5cb6,64c per 100g,"
					Lodge Farms Extra Large Free Range Eggs 12pk/700g 
				"
63d5cd8d3098484e807e5cb7,70c per 100g,"
					Sunnyvale Olive Spread Regular 500g 
				"
63d5cd8d3098484e807e5cb8,70c per 100g,"
					Sunnyvale Olive Spread Light 500g 
				"
63d5cd8d3098484e807e5cb9,54c per 100g,"
					Sunnyvale Original Spread 500g 
				"
63d5cd8d3098484e807e5cba,80c per 100g,"
					Sunnyvale Cholesterol Spread 500g 
				"
63d5cd8d3098484e807e5cbb,33c per 100g,"
					Sunnyvale Table Spread 1kg 
				"
63d5cd8d3098484e807e5cbc,96c per 100g,"
					Beautifully Butterfully Dairy Spread 500g 
				"
63d5cd8d3098484e807e5cbd,$1.72 per 100g,"
					Just Organic Butter 250g 
				"
63d5cd8d3098484e807e5cbe,$1.48 per 100g,"
					Beautifully Butterfully Salted Butter 250g 
				"
63d5cd8d3098484e807e5cbf,$1.48 per 100g,"
					Beautifully Butterfully Unsalted Butter 250g 
				"
63d5cd8d3098484e807e5cc0,$1.28 per 100g,"
					Beautifully Butterfully Salted Butter 500g 
				"
63d5cd8d3098484e807e5cc1,$1.28 per 100g,"
					Beautifully Butterfully Unsalted Butter 500g 
				"
63d5cd8d3098484e807e5cc2,50c per 100g,"
					Beautifully Butterfully Caterer’s Selection Buttery Spread 1kg 
				"
63d5cd8d3098484e807e5cc3,$18.76 per kg,"
					Westacre Dairy Tasty Cheese Block 250g 
				"
63d5cd8d3098484e807e5cc4,$17.96 per kg,"
					Westacre Dairy Shredded Tasty Cheese 250g 
				"
63d5cd8d3098484e807e5cc5,$9.99 per kg,"
					 Westacre Dairy Shredded Tasty Cheese 700g  
				"
63d5cd8d3098484e807e5cc6,$21.96 per kg,"
					Westacre Dairy Shredded Parmesan Cheese 250g 
				"
63d5cd8d3098484e807e5cc7,$15.98 per kg,"
					Westacre Dairy Tasty Cheese Slices 500g  
				"
63d5cd8d3098484e807e5cc8,$11.98 per kg,"
					Westacre Dairy Tasty Cheese Block 500g  
				"
63d5cd8d3098484e807e5cc9,$8.79 per kg,"
					Westacre Dairy Tasty Cheese Block 1kg  
				"
63d5cd8d3098484e807e5cca,$11.98 per kg,"
					Westacre Dairy Vintage Cheese Block 500g  
				"
63d5cd8d3098484e807e5ccb,$29.93 per kg,"
					Emporium Selection Ash Brie 150g 
				"
63d5cd8d3098484e807e5ccc,$22.45 per kg,"
					Emporium Selection Double Cream Camembert 200g 
				"
63d5cd8d3098484e807e5ccd,$22.45 per kg,"
					Emporium Selection Triple Cream Brie 200g 
				"
63d5cd8d3098484e807e5cce,$22.32 per kg,"
					Emporium Selection Camembert 125g 
				"
63d5cd8d3098484e807e5ccf,$22.32 per kg,"
					Emporium Selection Brie 125g 
				"
63d5cd8d3098484e807e5cd0,$22.17 per kg,"
					Emporium Selection Persian Fetta 180g 
				"
63d5cd8d3098484e807e5cd1,$14.95 per kg,"
					Emporium Selection Danish Style Fetta Cheese 200g  
				"
63d5cd8d3098484e807e5cd2,$14.95 per kg,"
					Emporium Selection Greek Style Fetta Cheese 200g 
				"
63d5cd8d3098484e807e5cd3,$11.98 per kg,"
					Westacre Colby Cheese Block 500g 
				"
63d5cd8d3098484e807e5cd4,$7.98 per kg,"
					Cowbelle Original Cheese Slices 500g 
				"
63d5cd8d3098484e807e5cd5,$7.30 per kg,"
					Westacre Dairy Wrapped Cheese Slices 432g 
				"
63d5cd8d3098484e807e5cd6,$17.96 per kg,"
					Westacre Dairy Vintage Cheese Slices 250g 
				"
63d5cd8d3098484e807e5cd7,$17.96 per kg,"
					Westacre Dairy Tasty Cheese Slices 250g 
				"
63d5cd8d3098484e807e5cd8,$8.98 per kg,"
					Manhattan Cottage Cheese 500g 
				"
63d5cd8d3098484e807e5cd9,$7.97 per kg,"
					Emporium Selection Smooth Ricotta 375g 
				"
63d5cd8d3098484e807e5cda,$16.45 per kg,"
					Emporium Selection Apricot & Almond Cream Cheese 200g 
				"
63d5cd8d3098484e807e5cdb,$42.71 per kg,"
					Snackers Market Cheese, Salami & Crackers 70g  
				"
63d5cd8d3098484e807e5cdc,$49.75 per kg,"
					Snackers Market Cheese & Pretzels 40g  
				"
63d5cd8d3098484e807e5cdd,$56.86 per kg,"
					Snackers Market Cheese & Mini Crackers 35g  
				"
63d5cd8d3098484e807e5cde,$22.56 per kg,"
					Snackers Market Cheese Strips 8pk/168g 
				"
63d5cd8d3098484e807e5cdf,$49.83 per kg,"
					Snackers Market Cheese, Ham & Crackers 60g 
				"
63d5cd8d3098484e807e5ce0,$2.60 per 100g,"
					Snackers Market Dip & Crackers 65g   
				"
63d5cd8d3098484e807e5ce1,70c per 100ml,"
					FARMDALE Thickened Cream 600ml 
				"
63d5cd8d3098484e807e5ce2,86c per 100ml,"
					FARMDALE Light Thickened Cream 300ml 
				"
63d5cd8d3098484e807e5ce3,$1.30 per 100ml,"
					FARMDALE Double Cream 300ml 
				"
63d5cd8d3098484e807e5ce4,$1.06 per 100ml,"
					FARMDALE Sour Cream 300g 
				"
63d5cd8d3098484e807e5ce5,$1.06 per 100g,"
					FARMDALE Light Sour Cream 300g 
				"
63d5cd8d3098484e807e5ce6,$1.88 per 100g,"
					Farmdale Whipped Cream 250g  
				"
63d5cd8d3098484e807e5ce7,55c per 100g,"
					Lyttos Greek Style Natural Yogurt 2kg 
				"
63d5cd8d3098484e807e5ce8,37c per 100g,"
					Brooklea Joi Mango Yogurt 1kg 
				"
63d5cd8d3098484e807e5ce9,37c per 100g,"
					Brooklea Family Lite Yogurt 1kg 
				"
63d5cd8d3098484e807e5cea,50c per 100g,"
					Brooklea Organic Natural Yogurt 1kg 
				"
63d5cd8d3098484e807e5ceb,50c per 100g,"
					Brooklea Organic Vanilla Bean Yogurt 1kg 
				"
63d5cd8d3098484e807e5cec,76c per 100g,"
					Premiere Fruit Swirl Blueberry Yogurt 720g 
				"
63d5cd8d3098484e807e5ced,67c per 100g,"
					Brooklea Greek Style Yoghurt No Added Sugar 750g 
				"
63d5cd8d3098484e807e5cee,76c per 100g,"
					Premiére Mango Yogurt 4x115g 
				"
63d5cd8d3098484e807e5cef,44c per 100g,"
					Brooklea Joi Deluxe Yogurt Classics 6 x 150g 
				"
63d5cd8d3098484e807e5cf0,99c per 100g,"
					Brooklea Yogurt Squishies 70g 
				"
63d5cd8d3098484e807e5cf1,$4.61 per 100g,"
					Brooklea Yogurt Assorted Varieties 100g 
				"
63d5cd8d3098484e807e5cf2,42c per 100g,"
					Chocolate Stampede Dairy Snack 12pk 
				"
63d5cd8d3098484e807e5cf3,$1.28 per 100g,"
					Chocolate Stampede Dairy Snack 140g 
				"
63d5cd8d3098484e807e5cf4,$2.13 per 100g,"
					Vanilla Flavoured Custard Pouch 70g 
				"
63d5cd8d3098484e807e5cf5,$2.13 per 100g,"
					Chocolate Flavoured Custard Pouch 70g 
				"
63d5cd8d3098484e807e5cf6,83c per 100g,"
					Marvellicious Choc Mousse 12pk 
				"
63d5cd8d3098484e807e5cf7,$1.60 per 100g,"
					Food Envy Chocolate Mousse 2 x 62g 
				"
63d5cd8d3098484e807e5cf8,$1.60 per 100g,"
					Food Envy Chocolate Mousse with Salted Caramel 2 x 62g 
				"
63d5cd8d3098484e807e5cf9,83c per 100g,"
					Food Envy Crème Caramel 2 x 150g 
				"
63d5cd8d3098484e807e5cfa,30c per 100g,"
					Vanilla Flavoured Custard 1kg 
				"
63d5cd8d3098484e807e5cfb,83c per 100g,"
					Food Envy Sweet Crepes 8pk/480g 
				"
63d5cd8d3098484e807e5cfc,$1.60 per 100g,"
					Food Envy Mini Dutch Pancakes 250g 
				"
63d5cd8d3098484e807e5cfd,73c per 100g,"
					Food Envy Rice Pudding Vanilla Bean 2 x 170g 
				"
63d5cd8d3098484e807e5cfe,$1.00 per 100g,"
					Food Envy Italian Family Desserts 500g 
				"
63d5cd8d3098484e807e5cff,25c per 100ml,"
					Farmdale Custard 1L 
				"
63d5cdc83098484e807e5d00,$1.99 per litre,"
					Inner Goodness Soy Milk 1L 
				"
63d5cdc83098484e807e5d01,$2.69 per litre,"
					Inner Goodness Almond Milk 1L 
				"
63d5cdc83098484e807e5d02,$2.39 per litre,"
					Farmdale Organic Full Cream Milk 1L 
				"
63d5cdc83098484e807e5d03,$2.39 per litre,"
					Farmdale Organic Light Milk 1L  
				"
63d5cdc83098484e807e5d04,$1.59 per litre,"
					Farmdale Full Cream Milk UHT 1L 
				"
63d5cdc83098484e807e5d05,$1.59 per litre,"
					Farmdale Light Milk UHT 1L 
				"
63d5cdc83098484e807e5d06,$1.59 per litre,"
					Farmdale Skim Milk UHT 1L 
				"
63d5cdc83098484e807e5d07,$1.55 per litre,"
					Farmdale Full Cream Milk UHT 2L 
				"
63d5cdc83098484e807e5d08,$1.55 per litre,"
					Farmdale Skim Milk UHT 2L 
				"
63d5cdc83098484e807e5d09,$1.79 per litre,"
					Farmdale Lactose Free UHT Milk 1L 
				"
63d5cdc83098484e807e5d0a,$1.79 per litre,"
					Farmdale Lactose Free Low Fat UHT Milk 1L 
				"
63d5cdc83098484e807e5d0b,$2.69 per litre,"
					Farmdale Lactose Free Full Cream Milk 1L 
				"
63d5cdc83098484e807e5d0c,$2.00 per litre,"
					CHAMP Iced Coffee Flavoured Milk 2L 
				"
63d5cdc83098484e807e5d0d,$4.15 per Litre,"
					CHAMP Chocolate Flavoured Milk 600ml 
				"
63d5cdc83098484e807e5d0e,$4.15 per Litre,"
					CHAMP Iced Coffee Flavoured Milk 600ml 
				"
63d5cdc83098484e807e5d0f,80c per 100g,"
					Farmdale Full Cream Milk Powder 1kg 
				"
63d5cdc83098484e807e5d10,$2.19 per litre,"
					Just Organic UHT Milk 1L 
				"
63d5cdc83098484e807e5d11,$1.49 per litre,"
					UHT Soy Organic Milk 1L 
				"
63d5cdc83098484e807e5d12,$1.15 per litre,"
					UHT Milk Soy 1L  
				"
63d5cdc83098484e807e5d13,$1.15 per litre,"
					UHT Milk Soy Light 1L 
				"
63d5cdc83098484e807e5d14,$1.89 per litre,"
					Milk UHT Almond Unsweetened 1L  
				"
63d5cdc83098484e807e5d15,$1.89 per litre,"
					 Milk UHT Almond Original 1L  
				"
63d5cdc83098484e807e5d16,$2.29 per litre,"
					UHT Oat Milk 1L 
				"
63d5cdc83098484e807e5d17,68c per 100g,"
					Lodge Farms Large Free Range Eggs 12pk/600g 
				"
63d5cdc83098484e807e5d18,64c per 100g,"
					Lodge Farms Extra Large Free Range Eggs 12pk/700g 
				"
63d5cdc83098484e807e5d19,70c per 100g,"
					Sunnyvale Olive Spread Regular 500g 
				"
63d5cdc83098484e807e5d1a,70c per 100g,"
					Sunnyvale Olive Spread Light 500g 
				"
63d5cdc83098484e807e5d1b,54c per 100g,"
					Sunnyvale Original Spread 500g 
				"
63d5cdc83098484e807e5d1c,80c per 100g,"
					Sunnyvale Cholesterol Spread 500g 
				"
63d5cdc83098484e807e5d1d,33c per 100g,"
					Sunnyvale Table Spread 1kg 
				"
63d5cdc83098484e807e5d1e,96c per 100g,"
					Beautifully Butterfully Dairy Spread 500g 
				"
63d5cdc83098484e807e5d1f,$1.72 per 100g,"
					Just Organic Butter 250g 
				"
63d5cdc83098484e807e5d20,$1.48 per 100g,"
					Beautifully Butterfully Salted Butter 250g 
				"
63d5cdc83098484e807e5d21,$1.48 per 100g,"
					Beautifully Butterfully Unsalted Butter 250g 
				"
63d5cdc83098484e807e5d22,$1.28 per 100g,"
					Beautifully Butterfully Salted Butter 500g 
				"
63d5cdc83098484e807e5d23,$1.28 per 100g,"
					Beautifully Butterfully Unsalted Butter 500g 
				"
63d5cdc83098484e807e5d24,50c per 100g,"
					Beautifully Butterfully Caterer’s Selection Buttery Spread 1kg 
				"
63d5cdc83098484e807e5d25,$18.76 per kg,"
					Westacre Dairy Tasty Cheese Block 250g 
				"
63d5cdc83098484e807e5d26,$17.96 per kg,"
					Westacre Dairy Shredded Tasty Cheese 250g 
				"
63d5cdc83098484e807e5d27,$9.99 per kg,"
					 Westacre Dairy Shredded Tasty Cheese 700g  
				"
63d5cdc83098484e807e5d28,$21.96 per kg,"
					Westacre Dairy Shredded Parmesan Cheese 250g 
				"
63d5cdc83098484e807e5d29,$15.98 per kg,"
					Westacre Dairy Tasty Cheese Slices 500g  
				"
63d5cdc83098484e807e5d2a,$11.98 per kg,"
					Westacre Dairy Tasty Cheese Block 500g  
				"
63d5cdc83098484e807e5d2b,$8.79 per kg,"
					Westacre Dairy Tasty Cheese Block 1kg  
				"
63d5cdc83098484e807e5d2c,$11.98 per kg,"
					Westacre Dairy Vintage Cheese Block 500g  
				"
63d5cdc83098484e807e5d2d,$29.93 per kg,"
					Emporium Selection Ash Brie 150g 
				"
63d5cdc83098484e807e5d2e,$22.45 per kg,"
					Emporium Selection Double Cream Camembert 200g 
				"
63d5cdc83098484e807e5d2f,$22.45 per kg,"
					Emporium Selection Triple Cream Brie 200g 
				"
63d5cdc83098484e807e5d30,$22.32 per kg,"
					Emporium Selection Camembert 125g 
				"
63d5cdc83098484e807e5d31,$22.32 per kg,"
					Emporium Selection Brie 125g 
				"
63d5cdc83098484e807e5d32,$22.17 per kg,"
					Emporium Selection Persian Fetta 180g 
				"
63d5cdc83098484e807e5d33,$14.95 per kg,"
					Emporium Selection Danish Style Fetta Cheese 200g  
				"
63d5cdc83098484e807e5d34,$14.95 per kg,"
					Emporium Selection Greek Style Fetta Cheese 200g 
				"
63d5cdc83098484e807e5d35,$11.98 per kg,"
					Westacre Colby Cheese Block 500g 
				"
63d5cdc83098484e807e5d36,$7.98 per kg,"
					Cowbelle Original Cheese Slices 500g 
				"
63d5cdc83098484e807e5d37,$7.30 per kg,"
					Westacre Dairy Wrapped Cheese Slices 432g 
				"
63d5cdc83098484e807e5d38,$17.96 per kg,"
					Westacre Dairy Vintage Cheese Slices 250g 
				"
63d5cdc83098484e807e5d39,$17.96 per kg,"
					Westacre Dairy Tasty Cheese Slices 250g 
				"
63d5cdc83098484e807e5d3a,$8.98 per kg,"
					Manhattan Cottage Cheese 500g 
				"
63d5cdc83098484e807e5d3b,$7.97 per kg,"
					Emporium Selection Smooth Ricotta 375g 
				"
63d5cdc83098484e807e5d3c,$16.45 per kg,"
					Emporium Selection Apricot & Almond Cream Cheese 200g 
				"
63d5cdc83098484e807e5d3d,$42.71 per kg,"
					Snackers Market Cheese, Salami & Crackers 70g  
				"
63d5cdc83098484e807e5d3e,$49.75 per kg,"
					Snackers Market Cheese & Pretzels 40g  
				"
63d5cdc83098484e807e5d3f,$56.86 per kg,"
					Snackers Market Cheese & Mini Crackers 35g  
				"
63d5cdc83098484e807e5d40,$22.56 per kg,"
					Snackers Market Cheese Strips 8pk/168g 
				"
63d5cdc83098484e807e5d41,$49.83 per kg,"
					Snackers Market Cheese, Ham & Crackers 60g 
				"
63d5cdc83098484e807e5d42,$2.60 per 100g,"
					Snackers Market Dip & Crackers 65g   
				"
63d5cdc83098484e807e5d43,70c per 100ml,"
					FARMDALE Thickened Cream 600ml 
				"
63d5cdc83098484e807e5d44,86c per 100ml,"
					FARMDALE Light Thickened Cream 300ml 
				"
63d5cdc83098484e807e5d45,$1.30 per 100ml,"
					FARMDALE Double Cream 300ml 
				"
63d5cdc83098484e807e5d46,$1.06 per 100ml,"
					FARMDALE Sour Cream 300g 
				"
63d5cdc83098484e807e5d47,$1.06 per 100g,"
					FARMDALE Light Sour Cream 300g 
				"
63d5cdc83098484e807e5d48,$1.88 per 100g,"
					Farmdale Whipped Cream 250g  
				"
63d5cdc83098484e807e5d49,55c per 100g,"
					Lyttos Greek Style Natural Yogurt 2kg 
				"
63d5cdc83098484e807e5d4a,37c per 100g,"
					Brooklea Joi Mango Yogurt 1kg 
				"
63d5cdc83098484e807e5d4b,37c per 100g,"
					Brooklea Family Lite Yogurt 1kg 
				"
63d5cdc83098484e807e5d4c,50c per 100g,"
					Brooklea Organic Natural Yogurt 1kg 
				"
63d5cdc83098484e807e5d4d,50c per 100g,"
					Brooklea Organic Vanilla Bean Yogurt 1kg 
				"
63d5cdc83098484e807e5d4e,76c per 100g,"
					Premiere Fruit Swirl Blueberry Yogurt 720g 
				"
63d5cdc83098484e807e5d4f,67c per 100g,"
					Brooklea Greek Style Yoghurt No Added Sugar 750g 
				"
63d5cdc83098484e807e5d50,76c per 100g,"
					Premiére Mango Yogurt 4x115g 
				"
63d5cdc83098484e807e5d51,44c per 100g,"
					Brooklea Joi Deluxe Yogurt Classics 6 x 150g 
				"
63d5cdc83098484e807e5d52,99c per 100g,"
					Brooklea Yogurt Squishies 70g 
				"
63d5cdc83098484e807e5d53,$4.61 per 100g,"
					Brooklea Yogurt Assorted Varieties 100g 
				"
63d5cdc83098484e807e5d54,42c per 100g,"
					Chocolate Stampede Dairy Snack 12pk 
				"
63d5cdc83098484e807e5d55,$1.28 per 100g,"
					Chocolate Stampede Dairy Snack 140g 
				"
63d5cdc83098484e807e5d56,$2.13 per 100g,"
					Vanilla Flavoured Custard Pouch 70g 
				"
63d5cdc83098484e807e5d57,$2.13 per 100g,"
					Chocolate Flavoured Custard Pouch 70g 
				"
63d5cdc83098484e807e5d58,83c per 100g,"
					Marvellicious Choc Mousse 12pk 
				"
63d5cdc83098484e807e5d59,$1.60 per 100g,"
					Food Envy Chocolate Mousse 2 x 62g 
				"
63d5cdc83098484e807e5d5a,$1.60 per 100g,"
					Food Envy Chocolate Mousse with Salted Caramel 2 x 62g 
				"
63d5cdc83098484e807e5d5b,83c per 100g,"
					Food Envy Crème Caramel 2 x 150g 
				"
63d5cdc83098484e807e5d5c,30c per 100g,"
					Vanilla Flavoured Custard 1kg 
				"
63d5cdc83098484e807e5d5d,83c per 100g,"
					Food Envy Sweet Crepes 8pk/480g 
				"
63d5cdc83098484e807e5d5e,$1.60 per 100g,"
					Food Envy Mini Dutch Pancakes 250g 
				"
63d5cdc83098484e807e5d5f,73c per 100g,"
					Food Envy Rice Pudding Vanilla Bean 2 x 170g 
				"
63d5cdc83098484e807e5d60,$1.00 per 100g,"
					Food Envy Italian Family Desserts 500g 
				"
63d5cdc83098484e807e5d61,25c per 100ml,"
					Farmdale Custard 1L 
				"
63d5ce14376d2153d0eee7cb,44c per capsule,"
					Expressi Intenzo 
				"
63d5ce14376d2153d0eee7cc,44c per capsule,"
					Expressi Calabrese 
				"
63d5ce14376d2153d0eee7cd,44c per capsule,"
					Expressi Abruzzo 
				"
63d5ce14376d2153d0eee7ce,44c per capsule,"
					Expressi Torino 
				"
63d5ce14376d2153d0eee7cf,44c per capsule,"
					Expressi Milano 
				"
63d5ce14376d2153d0eee7d0,44c per capsule,"
					Expressi Reggio 
				"
63d5ce14376d2153d0eee7d1,44c per capsule,"
					Expressi Renzo 
				"
63d5ce14376d2153d0eee7d2,44c per capsule,"
					Expressi Organic 
				"
63d5ce14376d2153d0eee7d3,44c per capsule,"
					Expressi Decaffi 
				"
63d5ce14376d2153d0eee7d4,44c per capsule,"
					Expressi Valletta 
				"
63d5ce14376d2153d0eee7d5,44c per capsule,"
					Expressi Tauro 
				"
63d5ce14376d2153d0eee7d6,44c per capsule,"
					Expressi Rich Hot Chocolate 
				"
63d5ceab376d2153d0eee7d7,$6.,"
					Expressi Intenzo 
				"
63d5ceab376d2153d0eee7d8,$6.,"
					Expressi Calabrese 
				"
63d5ceab376d2153d0eee7d9,$6.,"
					Expressi Abruzzo 
				"
63d5ceab376d2153d0eee7da,$6.,"
					Expressi Torino 
				"
63d5ceab376d2153d0eee7db,$6.,"
					Expressi Milano 
				"
63d5ceab376d2153d0eee7dc,$6.,"
					Expressi Reggio 
				"
63d5ceab376d2153d0eee7dd,$6.,"
					Expressi Renzo 
				"
63d5ceab376d2153d0eee7de,$6.,"
					Expressi Organic 
				"
63d5ceab376d2153d0eee7df,$6.,"
					Expressi Decaffi 
				"
63d5ceab376d2153d0eee7e0,$6.,"
					Expressi Valletta 
				"
63d5ceab376d2153d0eee7e1,$6.,"
					Expressi Tauro 
				"
63d5ceab376d2153d0eee7e2,$6.,"
					Expressi Rich Hot Chocolate 
				"
63d5ceab376d2153d0eee7e3,$79.,"
					EXPRESSI Coffee Capsule Machine – One 
				"
63d5ceab376d2153d0eee7e4,$31.,"
					EXPRESSI Milk Frother 
				"
63d5ceba157368ef13326441,$6.,"
					Expressi Intenzo 
				"
63d5ceba157368ef13326442,$6.,"
					Expressi Calabrese 
				"
63d5ceba157368ef13326443,$6.,"
					Expressi Abruzzo 
				"
63d5ceba157368ef13326444,$6.,"
					Expressi Torino 
				"
63d5ceba157368ef13326445,$6.,"
					Expressi Milano 
				"
63d5ceba157368ef13326446,$6.,"
					Expressi Reggio 
				"
63d5ceba157368ef13326447,$6.,"
					Expressi Renzo 
				"
63d5ceba157368ef13326448,$6.,"
					Expressi Organic 
				"
63d5ceba157368ef13326449,$6.,"
					Expressi Decaffi 
				"
63d5ceba157368ef1332644a,$6.,"
					Expressi Valletta 
				"
63d5ceba157368ef1332644b,$6.,"
					Expressi Tauro 
				"
63d5ceba157368ef1332644c,$6.,"
					Expressi Rich Hot Chocolate 
				"
63d5ceba157368ef1332644d,$79.,"
					EXPRESSI Coffee Capsule Machine – One 
				"
63d5ceba157368ef1332644e,$31.,"
					EXPRESSI Milk Frother 
				"